Student_ID,Student_Age,Sex,High_School_Type,Scholarship,A6itional_Work,Sports_activity,Transportation,Weekly_Study_Hours,Attendance,Reading,Notes,Listening_in_Class,Project_work,Grade
STUDENT1,20,Male,Other,50%,Yes,No,Private,0,Always,Yes,Yes,No,No,9
STUDENT2,20,Male,Other,50%,Yes,No,Private,0,Always,Yes,No,Yes,Yes,9
STUDENT3,20,Male,State,50%,No,No,Private,2,Never,No,No,No,Yes,9
STUDENT4,18,Female,Private,50%,Yes,No,Bus,2,Always,No,Yes,No,No,9
STUDENT5,20,Male,Private,50%,No,No,Bus,12,Always,Yes,No,Yes,Yes,9
STUDENT6,20,Male,State,50%,No,No,Private,2,Always,Yes,No,Yes,Yes,8.5
STUDENT7,18,Male,State,75%,No,No,Private,0,Always,No,Yes,Yes,Yes,7
STUDENT8,18,Female,State,50%,Yes,Yes,Bus,2,Sometimes,No,Yes,Yes,Yes,8.5
STUDENT9,20,Female,Other,50%,No,Yes,Bus,0,Always,No,No,No,Yes,7
STUDENT10,20,Female,State,50%,No,No,Bus,12,Never,No,Yes,No,No,5
STUDENT11,18,Female,Private,50%,No,No,Private,12,Sometimes,No,No,No,Yes,8.5
STUDENT12,18,Female,Private,75%,Yes,Yes,Private,8,Sometimes,No,Yes,No,Yes,5
STUDENT13,18,Female,Private,75%,No,No,Private,0,Always,Yes,No,No,No,5
STUDENT14,20,Female,State,100%,No,No,Private,0,Always,Yes,No,No,Yes,9
STUDENT15,25,Male,State,75%,Yes,Yes,Private,12,Never,No,No,Yes,Yes,8.5
STUDENT16,20,Male,State,50%,No,No,Private,0,Always,No,Yes,No,Yes,8.5
STUDENT17,18,Female,State,100%,No,Yes,Private,0,Always,Yes,No,No,No,9
STUDENT18,20,Male,State,50%,No,No,Private,0,Always,Yes,No,No,Yes,8.5
STUDENT19,18,Female,State,75%,No,No,Private,12,Always,Yes,No,No,No,8.5
STUDENT20,18,Male,Private,50%,No,No,Bus,2,Sometimes,No,No,Yes,No,8
STUDENT21,18,Male,State,100%,Yes,No,Bus,0,Never,No,No,Yes,No,9
STUDENT22,18,Male,State,100%,No,No,Bus,0,Never,No,No,No,No,9
STUDENT23,20,Male,State,50%,Yes,No,Bus,0,Always,Yes,Yes,Yes,No,8
STUDENT24,25,Male,State,25%,Yes,Yes,Private,12,Always,Yes,Yes,No,No,9
STUDENT25,20,Male,State,50%,No,No,Private,2,Always,Yes,No,Yes,No,8.5
STUDENT26,20,Male,State,50%,No,No,Bus,0,Always,No,Yes,No,No,8
STUDENT27,20,Male,State,50%,No,Yes,Bus,0,Always,Yes,Yes,No,No,9
STUDENT28,18,Male,Private,50%,Yes,No,Private,0,Always,Yes,Yes,Yes,No,9
STUDENT29,25,Male,State,50%,No,No,Bus,0,Never,No,No,No,No,8
STUDENT30,20,Male,Other,75%,No,No,Private,0,Never,No,No,Yes,Yes,7
STUDENT31,20,Male,State,100%,Yes,Yes,Bus,0,Always,No,Yes,Yes,No,7
STUDENT32,25,Male,State,50%,Yes,No,Private,0,Always,No,Yes,No,No,8
STUDENT33,20,Female,State,50%,No,No,Private,2,Always,Yes,No,No,Yes,9
STUDENT34,20,Female,State,50%,Yes,No,Bus,0,Always,Yes,Yes,No,No,8.5
STUDENT35,18,Male,Private,50%,No,No,Bus,2,Always,Yes,No,Yes,No,8.5
STUDENT36,18,Male,Private,75%,No,No,Private,12,Always,Yes,Yes,No,No,9
STUDENT37,20,Male,Other,75%,Yes,No,Bus,12,Always,Yes,Yes,Yes,Yes,8.5
STUDENT38,20,Male,State,50%,Yes,Yes,Bus,2,Sometimes,No,No,Yes,Yes,9
STUDENT39,20,Male,State,100%,No,No,Private,0,Always,Yes,No,Yes,Yes,8.5
STUDENT40,20,Female,State,50%,No,No,Bus,0,Always,No,Yes,Yes,Yes,9
STUDENT41,18,Male,Private,50%,No,No,Private,2,Always,Yes,No,Yes,Yes,9
STUDENT42,25,Male,State,50%,Yes,No,Private,2,Always,No,Yes,No,Yes,9
STUDENT43,20,Male,State,50%,No,Yes,Private,0,Never,No,Yes,No,Yes,9
STUDENT44,18,Male,State,50%,No,No,Bus,0,Always,Yes,No,Yes,No,7.5
STUDENT45,20,Male,Other,50%,No,No,Bus,0,Always,Yes,Yes,Yes,Yes,9
STUDENT46,18,Male,State,50%,No,No,Bus,8,Always,Yes,No,Yes,No,8
STUDENT47,20,Male,State,50%,No,No,Bus,0,Always,Yes,Yes,No,No,7
STUDENT48,20,Male,State,50%,No,No,Bus,0,Always,No,Yes,Yes,Yes,8
STUDENT5,18,Male,State,50%,No,Yes,Bus,0,Always,No,No,Yes,No,9
STUDENT50,18,Male,Private,75%,No,No,Private,2,Never,Yes,No,Yes,Yes,8.5
STUDENT51,20,Male,State,50%,No,No,Bus,2,Sometimes,Yes,Yes,Yes,Yes,9
STUDENT52,20,Female,Other,50%,Yes,Yes,Private,0,Always,Yes,Yes,No,No,7.5
STUDENT53,20,Female,State,50%,Yes,No,Private,2,Always,Yes,Yes,Yes,No,9
STUDENT54,20,Female,State,50%,No,Yes,Private,2,Always,Yes,Yes,Yes,No,7
STUDENT55,20,Male,State,50%,No,No,Private,12,Never,No,Yes,No,Yes,8
STUDENT56,25,Male,State,50%,Yes,No,Bus,8,Always,No,Yes,Yes,No,8
STUDENT57,20,Male,State,50%,No,Yes,Private,0,Always,Yes,Yes,Yes,No,7
STUDENT58,20,Male,State,50%,Yes,Yes,Private,0,Always,Yes,Yes,No,No,7.5
STUDENT59,25,Male,State,50%,No,No,Bus,12,Always,Yes,Yes,Yes,No,8
STUDENT60,20,Male,State,50%,No,Yes,Bus,0,Always,Yes,Yes,No,No,7
STUDENT61,20,Female,State,50%,No,No,Private,12,Sometimes,Yes,6,Yes,No,8.5
STUDENT6,18,Male,Other,50%,No,Yes,Private,2,Always,No,Yes,Yes,No,7
STUDENT63,20,Male,State,50%,No,No,Private,0,Never,No,No,Yes,Yes,8
STUDENT64,20,Male,State,75%,No,No,Bus,2,Always,Yes,Yes,Yes,No,7
STUDENT65,20,Male,Other,100%,No,No,Private,0,Always,Yes,No,No,Yes,8
STUDENT66,18,Male,State,50%,No,No,Bus,12,Always,Yes,No,No,No,8.5
STUDENT67,20,Male,State,50%,No,No,Bus,0,Always,Yes,No,No,No,7
STUDENT6.5,20,Male,Other,50%,Yes,Yes,Private,12,Always,No,No,No,No,9
STUDENT69,20,Female,State,75%,Yes,No,Private,0,Always,Yes,No,Yes,No,7
STUDENT70,20,Female,State,75%,No,No,Bus,0,Always,Yes,No,No,Yes,7
STUDENT71,18,Male,State,75%,No,Yes,Bus,0,Always,Yes,Yes,Yes,Yes,6
STUDENT72,18,Female,Other,75%,No,No,Private,0,Always,No,Yes,Yes,No,6.5
STUDENT73,18,Male,State,50%,No,Yes,Bus,0,Always,No,Yes,Yes,Yes,6.5
STUDENT7,20,Male,State,75%,No,No,Private,0,Always,No,Yes,Yes,No,6.5
STUDENT75,18,Male,State,75%,No,No,Private,0,Always,Yes,No,No,No,6
STUDENT76,18,Male,State,75%,No,Yes,Private,0,Always,No,Yes,No,No,6
STUDENT77,20,Male,Private,25%,No,Yes,Private,2,Always,Yes,Yes,No,No,7.5
STUDENT78,18,Male,Private,25%,No,No,Bus,2,Sometimes,No,6,No,Yes,6
STUDENT7.5,20,Female,State,75%,Yes,Yes,Private,0,Always,Yes,Yes,Yes,No,7.5
STUDENT80,20,Male,State,75%,No,No,Private,0,Always,Yes,Yes,Yes,No,8
STUDENT81,20,Female,State,50%,Yes,No,Bus,0,Sometimes,Yes,Yes,Yes,Yes,7.5
STUDENT82,25,Male,State,50%,Yes,No,Private,0,Always,No,Yes,No,No,8
STUDENT8,20,Male,State,75%,Yes,No,Bus,2,Always,Yes,No,Yes,No,6
STUDENT84,20,Male,Other,50%,No,No,Private,12,Always,Yes,Yes,No,Yes,6
STUDENT85,25,Male,Other,50%,Yes,No,Bus,12,Always,No,Yes,No,No,6
STUDENT86,18,Male,State,100%,No,No,Private,2,Always,Yes,Yes,Yes,No,7.5
STUDENT87,20,Male,State,75%,No,No,Private,0,Never,No,No,Yes,Yes,7
STUDENT8.5,20,Male,State,50%,No,Yes,Private,2,Always,Yes,No,No,Yes,6.5
STUDENT89,18,Male,State,75%,No,Yes,Bus,0,Always,Yes,Yes,No,Yes,6.5
STUDENT90,20,Male,State,50%,No,No,Private,0,Always,Yes,No,No,No,6.5
STUDENT91,20,Female,State,50%,No,Yes,Bus,0,Sometimes,No,No,Yes,Yes,6.5
STUDENT92,20,Male,State,100%,Yes,Yes,Bus,0,Always,No,Yes,Yes,No,6.5
STUDENT9,18,Male,State,50%,No,No,Private,0,Always,Yes,No,No,No,6
STUDENT94,18,Male,State,1%,Yes,No,Bus,0,Always,No,Yes,No,No,7.5
STUDENT95,20,Male,State,50%,No,No,Bus,0,Always,Yes,No,No,No,6.5
STUDENT96,18,Male,Other,100%,Yes,Yes,Bus,0,Sometimes,No,No,No,Yes,7
STUDENT97,18,Male,State,75%,No,Yes,Bus,0,Sometimes,No,No,No,No,6
STUDENT98,18,Male,State,75%,Yes,No,Private,0,Always,No,No,Yes,No,6.5
STUDENT99,18,Male,State,75%,No,Yes,Private,0,Never,No,No,No,Yes,6
STUDENT100,20,Male,State,50%,No,No,Private,0,Never,No,No,No,Yes,6
STUDENT101,18,Male,State,75%,No,No,Private,0,Sometimes,No,Yes,Yes,Yes,6.5
STUDENT102,18,Male,State,75%,No,No,Bus,2,Always,No,No,Yes,Yes,6
STUDENT103,18,Male,State,50%,No,No,Bus,0,Always,No,No,Yes,Yes,6
STUDENT104,18,Male,Private,75%,No,No,Bus,12,Always,No,Yes,Yes,No,6
STUDENT105,18,Female,State,50%,No,No,Private,0,Sometimes,No,Yes,No,Yes,8
STUDENT106,18,Male,State,75%,Yes,Yes,Private,0,Always,Yes,No,No,No,6
STUDENT107,18,Male,State,75%,No,Yes,Private,0,Always,No,No,No,Yes,6
STUDENT108,18,Female,State,75%,Yes,Yes,Private,0,Always,No,Yes,Yes,No,6.5
STUDENT109,20,Female,Private,100%,No,Yes,Private,2,Sometimes,Yes,Yes,No,Yes,6.5
STUDENT110,18,Male,Private,50%,No,Yes,Bus,0,Sometimes,No,Yes,No,Yes,6
STUDENT111,20,Male,State,50%,No,No,Private,2,Never,No,Yes,No,Yes,8.5
STUDENT112,18,Female,Private,100%,No,Yes,Private,0,Always,No,No,Yes,Yes,8.5
STUDENT113,20,Female,Other,50%,Yes,No,Private,0,3,No,Yes,Yes,Yes,8.5
STUDENT114,20,Female,Other,50%,No,No,Private,0,Never,No,Yes,No,Yes,9
STUDENT115,20,Female,State,100%,Yes,Yes,Private,8,Always,Yes,Yes,Yes,Yes,8.5
STUDENT116,20,Female,State,100%,Yes,No,Bus,0,Always,Yes,Yes,Yes,Yes,9
STUDENT117,20,Female,State,100%,No,No,Private,0,Always,Yes,Yes,Yes,No,9
STUDENT118,25,Female,Private,50%,No,Yes,Private,0,Always,No,Yes,No,Yes,9
STUDENT119,18,Male,State,100%,No,Yes,Bus,0,Never,No,Yes,No,No,9
STUDENT120,20,Female,State,75%,No,Yes,Private,0,Always,No,No,Yes,Yes,8.5
STUDENT121,20,Female,Private,50%,Yes,Yes,Bus,2,Sometimes,No,No,Yes,Yes,9
STUDENT122,20,Female,State,50%,Yes,Yes,Bus,0,Sometimes,Yes,Yes,Yes,No,5
STUDENT123,18,Male,State,100%,No,Yes,Private,0,Always,Yes,No,Yes,Yes,8.5
STUDENT124,20,Female,Other,50%,No,No,Private,12,Always,Yes,No,No,No,9
STUDENT125,18,Female,State,75%,Yes,Yes,Bus,0,Always,No,No,Yes,Yes,8
STUDENT126,18,Female,State,100%,Yes,Yes,Private,0,Always,No,Yes,Yes,No,8.5
STUDENT127,18,Female,Private,75%,Yes,Yes,Bus,12,Sometimes,No,Yes,6,Yes,8
STUDENT128,18,Female,State,75%,No,No,Private,0,Never,No,No,No,Yes,9
STUDENT129,18,Female,State,75%,No,Yes,Bus,0,Never,No,No,No,Yes,5
STUDENT130,18,Female,State,50%,Yes,Yes,Private,0,Always,Yes,Yes,Yes,No,8
STUDENT131,18,Female,State,50%,Yes,Yes,Private,0,Always,Yes,Yes,No,No,9
STUDENT132,18,Female,Private,100%,No,Yes,Private,0,Sometimes,No,Yes,Yes,Yes,7.5
STUDENT133,18,Female,Private,100%,No,Yes,Private,0,Always,No,Yes,No,No,8
STUDENT134,18,Female,State,100%,No,No,Bus,0,Always,Yes,Yes,Yes,Yes,8
STUDENT135,18,Female,State,75%,No,Yes,Private,0,Sometimes,No,Yes,Yes,Yes,9
STUDENT136,20,Female,State,50%,Yes,Yes,Private,0,Never,No,No,Yes,Yes,8.5
STUDENT137,18,Female,State,50%,Yes,Yes,Bus,0,Sometimes,No,No,Yes,No,5
STUDENT138,18,Female,Private,100%,No,Yes,Private,0,Always,Yes,No,No,Yes,8.5
STUDENT139,18,Female,State,75%,Yes,Yes,Bus,12,Sometimes,No,No,Yes,Yes,5
STUDENT140,18,Female,State,75%,Yes,No,Bus,2,Sometimes,No,No,Yes,Yes,5
STUDENT141,20,Female,State,50%,Yes,Yes,Private,0,Always,No,Yes,No,Yes,7
STUDENT142,18,Female,State,75%,No,No,Private,0,Never,No,Yes,Yes,No,7
STUDENT143,18,Female,Private,75%,No,No,Private,0,Always,Yes,No,No,No,9
STUDENT144,20,Female,State,75%,Yes,Yes,Bus,12,Sometimes,No,Yes,No,Yes,7.5
STUDENT145,18,Female,Private,100%,No,No,Private,12,Always,Yes,No,Yes,No,8
STUDENT101,20,Male,Private,75%,Yes,Yes,Private,18,Always,Yes,Yes,Yes,Yes,8.95
STUDENT102,19,Female,State,50%,No,No,Bus,15,Sometimes,No,No,No,No,7.65
STUDENT103,18,Male,State,100%,Yes,Yes,Bus,25,Always,Yes,No,Yes,Yes,9.45
STUDENT104,21,Female,Other,25%,No,Yes,Private,20,Never,Yes,Yes,No,No,7.2
STUDENT105,20,Male,Private,50%,Yes,No,Bus,10,Sometimes,No,Yes,Yes,Yes,8.1
STUDENT106,18,Female,State,75%,No,Yes,Private,30,Always,Yes,Yes,Yes,Yes,9.65
STUDENT107,21,Male,Other,50%,Yes,No,Bus,12,Sometimes,No,No,No,Yes,7.75
STUDENT108,19,Female,Private,100%,Yes,No,Private,22,Always,Yes,No,Yes,Yes,9.15
STUDENT109,20,Male,State,25%,No,No,Bus,5,Never,No,Yes,No,No,6.85
STUDENT110,20,Female,Private,75%,Yes,Yes,Bus,28,Always,Yes,Yes,Yes,Yes,9.25
STUDENT111,19,Male,State,50%,No,No,Bus,8,Sometimes,No,No,No,No,7.15
STUDENT112,21,Female,Other,75%,Yes,Yes,Private,15,Always,Yes,Yes,Yes,Yes,8.95
STUDENT113,18,Male,Private,25%,No,Yes,Private,12,Always,Yes,Yes,No,No,7.85
STUDENT114,20,Female,State,50%,Yes,No,Bus,10,Sometimes,No,Yes,Yes,No,8.05
STUDENT115,19,Male,Private,100%,Yes,Yes,Private,20,Always,Yes,No,Yes,Yes,9.55
STUDENT116,21,Female,Other,75%,Yes,No,Bus,25,Always,Yes,Yes,Yes,Yes,9.35
STUDENT117,20,Male,Private,50%,No,No,Bus,7,Sometimes,No,Yes,Yes,Yes,7.65
STUDENT118,18,Female,State,75%,Yes,Yes,Private,30,Always,Yes,Yes,Yes,Yes,9.7
STUDENT119,19,Male,Other,25%,No,No,Bus,6,Sometimes,No,No,No,No,7.25
STUDENT120,20,Female,Private,50%,Yes,No,Private,20,Always,Yes,No,Yes,Yes,9.05
STUDENT121,19,Male,State,100%,Yes,Yes,Bus,22,Always,Yes,Yes,Yes,Yes,9.55
STUDENT122,18,Female,Other,25%,No,Yes,Bus,18,Never,No,Yes,No,No,7.15
STUDENT123,21,Male,Private,50%,Yes,Yes,Private,15,Sometimes,Yes,No,Yes,Yes,8.25
STUDENT124,20,Female,State,75%,No,Yes,Bus,28,Always,Yes,Yes,Yes,Yes,9.45
STUDENT125,19,Male,Private,25%,No,No,Bus,8,Never,No,Yes,No,No,6.9
STUDENT126,20,Female,Other,50%,Yes,Yes,Private,20,Sometimes,Yes,No,Yes,Yes,8.35
STUDENT127,18,Male,State,75%,Yes,No,Bus,30,Always,Yes,Yes,Yes,Yes,9.75
STUDENT128,21,Female,Private,100%,No,No,Private,25,Always,Yes,Yes,Yes,Yes,9.65
STUDENT129,20,Male,State,50%,Yes,Yes,Bus,10,Sometimes,No,No,No,Yes,7.55
STUDENT130,19,Female,Other,75%,Yes,No,Bus,20,Always,Yes,Yes,Yes,Yes,9.25
STUDENT131,21,Male,Private,50%,Yes,No,Bus,15,Sometimes,No,Yes,Yes,Yes,8.05
STUDENT132,20,Female,State,25%,No,Yes,Bus,12,Never,No,Yes,No,No,7.35
STUDENT133,19,Male,Other,50%,Yes,Yes,Private,25,Always,Yes,Yes,Yes,Yes,9.5
STUDENT134,18,Female,State,75%,Yes,Yes,Private,30,Always,Yes,Yes,Yes,Yes,9.8
STUDENT135,21,Male,Private,50%,Yes,No,Bus,10,Sometimes,No,No,No,Yes,7.85
STUDENT136,19,Female,Other,75%,Yes,Yes,Private,22,Always,Yes,Yes,Yes,Yes,9.55
STUDENT137,20,Male,State,25%,Yes,No,Bus,5,Sometimes,No,Yes,No,No,6.95
STUDENT138,21,Female,Private,100%,Yes,Yes,Private,30,Always,Yes,Yes,Yes,Yes,9.85
STUDENT139,18,Male,State,50%,No,No,Bus,18,Never,No,Yes,No,No,7.05
STUDENT140,20,Female,Other,75%,Yes,Yes,Private,28,Always,Yes,Yes,Yes,Yes,9.65
STUDENT141,19,Male,Private,25%,No,Yes,Bus,12,Sometimes,Yes,No,Yes,Yes,8.1
STUDENT142,20,Female,State,75%,Yes,No,Private,30,Always,Yes,Yes,Yes,Yes,9.75
STUDENT143,21,Male,Other,50%,Yes,Yes,Bus,18,Always,No,Yes,Yes,Yes,8.85
STUDENT144,18,Female,Private,100%,No,Yes,Private,25,Always,Yes,Yes,Yes,Yes,9.8
STUDENT145,19,Male,State,50%,Yes,No,Bus,15,Sometimes,No,No,No,Yes,7.75
STUDENT146,20,Female,Other,75%,Yes,Yes,Private,28,Always,Yes,Yes,Yes,Yes,9.65
STUDENT147,21,Male,State,25%,Yes,No,Bus,8,Never,No,Yes,No,No,7.05
STUDENT148,18,Female,Private,50%,Yes,Yes,Private,30,Always,Yes,Yes,Yes,Yes,9.7
STUDENT149,20,Male,Other,100%,Yes,Yes,Bus,20,Always,Yes,No,Yes,Yes,9.45
STUDENT150,21,Female,Private,75%,Yes,No,Private,22,Always,Yes,Yes,Yes,Yes,9.55
STUDENT151,19,Male,State,25%,No,No,Bus,10,Sometimes,No,No,No,No,7.15
STUDENT152,20,Female,Other,50%,Yes,Yes,Private,25,Always,Yes,Yes,Yes,Yes,9.3
STUDENT153,21,Male,Private,100%,Yes,No,Private,30,Always,Yes,Yes,Yes,Yes,9.8
STUDENT154,18,Female,State,50%,No,Yes,Bus,12,Sometimes,No,Yes,No,Yes,7.6
STUDENT155,19,Male,Other,75%,Yes,Yes,Bus,20,Always,Yes,Yes,Yes,Yes,9.5
STUDENT156,20,Female,Private,25%,No,Yes,Private,28,Always,Yes,Yes,Yes,Yes,9.55
STUDENT157,21,Male,State,50%,Yes,No,Bus,18,Sometimes,No,No,No,No,7.25
STUDENT158,19,Female,Other,100%,Yes,Yes,Private,30,Always,Yes,Yes,Yes,Yes,9.75
STUDENT159,20,Male,Private,75%,Yes,No,Bus,25,Always,Yes,Yes,Yes,Yes,9.65
STUDENT160,18,Female,State,50%,No,Yes,Private,15,Sometimes,No,Yes,No,No,7.55
STUDENT161,21,Male,Other,25%,No,Yes,Bus,12,Sometimes,Yes,No,Yes,Yes,8.05
STUDENT162,19,Female,Private,100%,Yes,Yes,Private,28,Always,Yes,Yes,Yes,Yes,9.8
STUDENT163,20,Male,State,75%,Yes,Yes,Bus,22,Always,Yes,No,Yes,Yes,9.35
STUDENT164,18,Female,Other,50%,No,No,Bus,18,Never,No,Yes,No,No,7.15
STUDENT165,21,Male,Private,100%,Yes,Yes,Private,30,Always,Yes,Yes,Yes,Yes,9.85
STUDENT166,20,Female,State,75%,No,Yes,Bus,20,Sometimes,Yes,No,Yes,Yes,8.85
STUDENT167,19,Male,Other,50%,Yes,Yes,Bus,15,Sometimes,No,No,No,Yes,7.75
STUDENT168,18,Female,Private,100%,Yes,Yes,Private,30,Always,Yes,Yes,Yes,Yes,9.75
STUDENT169,21,Male,State,50%,No,No,Bus,18,Never,No,Yes,No,No,7.05
STUDENT170,19,Female,Other,75%,Yes,No,Private,22,Always,Yes,Yes,Yes,Yes,9.65
STUDENT171,18,Male,Private,50%,Yes,Yes,Private,25,Always,Yes,Yes,Yes,Yes,9.5
STUDENT172,20,Female,State,25%,No,No,Bus,10,Sometimes,No,Yes,No,No,7.35
STUDENT173,21,Male,Other,50%,Yes,Yes,Private,30,Always,Yes,Yes,Yes,Yes,9.75
STUDENT174,18,Female,State,75%,Yes,Yes,Private,20,Always,Yes,Yes,Yes,Yes,9.55
STUDENT175,19,Male,Private,50%,No,No,Bus,12,Sometimes,No,Yes,No,Yes,7.55
STUDENT176,20,Female,Other,100%,Yes,Yes,Private,30,Always,Yes,Yes,Yes,Yes,9.85
STUDENT177,21,Male,State,50%,Yes,No,Bus,18,Never,No,No,No,No,7.05
STUDENT178,19,Female,Private,75%,Yes,Yes,Private,25,Always,Yes,Yes,Yes,Yes,9.65
STUDENT179,20,Male,Other,25%,No,No,Bus,10,Sometimes,No,Yes,No,Yes,7.25
STUDENT180,18,Female,State,50%,Yes,Yes,Private,15,Always,Yes,Yes,Yes,Yes,9.45
STUDENT181,19,Male,Private,50%,Yes,Yes,Private,22,Always,Yes,Yes,Yes,Yes,9.55
STUDENT182,20,Female,State,25%,No,No,Bus,12,Never,No,No,No,No,7.15
STUDENT183,21,Male,Other,75%,Yes,Yes,Private,25,Always,Yes,Yes,Yes,Yes,9.45
STUDENT184,18,Female,Private,100%,Yes,Yes,Private,30,Always,Yes,Yes,Yes,Yes,9.85
STUDENT185,19,Male,State,50%,No,No,Bus,15,Sometimes,No,Yes,Yes,Yes,8.05
STUDENT186,20,Female,Other,50%,Yes,No,Bus,20,Always,Yes,Yes,Yes,Yes,9.25
STUDENT187,21,Male,Private,100%,Yes,Yes,Private,30,Always,Yes,Yes,Yes,Yes,9.8
STUDENT188,19,Female,State,75%,Yes,Yes,Bus,22,Always,Yes,Yes,Yes,Yes,9.65
STUDENT189,20,Male,Other,50%,No,Yes,Bus,12,Sometimes,No,Yes,No,No,7.55
STUDENT190,18,Female,Private,25%,No,Yes,Private,30,Always,Yes,Yes,Yes,Yes,9.7
STUDENT191,21,Male,State,100%,Yes,Yes,Bus,25,Always,Yes,Yes,Yes,Yes,9.85
STUDENT192,20,Female,Other,50%,No,No,Bus,10,Never,No,No,No,No,6.9
STUDENT193,19,Male,Private,75%,Yes,Yes,Private,28,Always,Yes,Yes,Yes,Yes,9.75
STUDENT194,18,Female,State,25%,No,Yes,Bus,8,Sometimes,No,Yes,No,No,7.25
STUDENT195,21,Male,Private,50%,Yes,Yes,Private,30,Always,Yes,Yes,Yes,Yes,9.5
STUDENT196,20,Female,State,75%,Yes,Yes,Bus,20,Always,Yes,Yes,Yes,Yes,9.45
STUDENT197,19,Male,Other,50%,No,No,Bus,15,Sometimes,No,No,No,No,7.55
STUDENT198,18,Female,Private,100%,Yes,Yes,Private,30,Always,Yes,Yes,Yes,Yes,9.8
STUDENT199,21,Male,State,50%,Yes,No,Bus,18,Always,Yes,Yes,Yes,Yes,8.85
STUDENT200,20,Female,Other,75%,Yes,Yes,Private,28,Always,Yes,Yes,Yes,Yes,9.6
STUDENT201,19,Male,Private,50%,Yes,Yes,Private,26,Always,Yes,Yes,Yes,Yes,9.5
STUDENT202,18,Female,State,75%,Yes,No,Bus,12,Sometimes,No,Yes,No,Yes,7.85
STUDENT203,20,Male,Other,50%,Yes,Yes,Bus,20,Always,Yes,Yes,Yes,Yes,9.25
STUDENT204,21,Female,Private,100%,Yes,Yes,Private,30,Always,Yes,Yes,Yes,Yes,9.8
STUDENT205,19,Male,State,75%,No,Yes,Bus,22,Always,Yes,Yes,Yes,Yes,9.4
STUDENT206,20,Female,Other,50%,Yes,No,Private,18,Always,Yes,Yes,Yes,Yes,9.35
STUDENT207,21,Male,Private,50%,Yes,Yes,Private,25,Always,Yes,Yes,Yes,Yes,9.55
STUDENT208,18,Female,State,50%,No,No,Bus,10,Never,No,No,No,No,6.95
STUDENT209,19,Male,Other,100%,Yes,Yes,Private,28,Always,Yes,Yes,Yes,Yes,9.8
STUDENT210,20,Female,Private,75%,No,Yes,Private,22,Sometimes,Yes,No,Yes,Yes,8.75
STUDENT211,21,Male,State,100%,Yes,Yes,Bus,30,Always,Yes,Yes,Yes,Yes,9.85
STUDENT212,18,Female,Other,50%,Yes,Yes,Private,15,Always,Yes,Yes,Yes,Yes,9.45
STUDENT213,19,Male,Private,25%,No,No,Bus,12,Sometimes,No,Yes,No,No,7.55
STUDENT214,20,Female,State,50%,Yes,No,Private,28,Always,Yes,Yes,Yes,Yes,9.5
STUDENT215,21,Male,Other,75%,Yes,Yes,Private,30,Always,Yes,Yes,Yes,Yes,9.8
STUDENT216,18,Female,Private,100%,No,Yes,Private,25,Always,Yes,Yes,Yes,Yes,9.65
STUDENT217,19,Male,State,50%,Yes,No,Bus,18,Always,Yes,Yes,Yes,Yes,8.95
STUDENT218,20,Female,Other,75%,Yes,Yes,Private,22,Always,Yes,Yes,Yes,Yes,9.6
STUDENT219,21,Male,Private,50%,No,No,Bus,10,Sometimes,No,Yes,No,No,7.45
STUDENT220,18,Female,State,100%,Yes,Yes,Private,30,Always,Yes,Yes,Yes,Yes,9.85
STUDENT221,20,Male,Other,50%,Yes,Yes,Bus,15,Sometimes,No,No,No,No,7.65
STUDENT222,19,Female,Private,25%,No,Yes,Private,12,Sometimes,No,Yes,Yes,Yes,8.15
STUDENT223,21,Male,State,75%,Yes,Yes,Bus,22,Always,Yes,Yes,Yes,Yes,9.5
STUDENT224,18,Female,Other,50%,Yes,No,Bus,20,Always,Yes,Yes,Yes,Yes,9.35
STUDENT225,19,Male,Private,100%,Yes,Yes,Private,30,Always,Yes,Yes,Yes,Yes,9.8
STUDENT226,20,Female,State,50%,No,Yes,Bus,18,Sometimes,No,No,No,No,7.85
STUDENT227,21,Male,Other,50%,Yes,Yes,Private,30,Always,Yes,Yes,Yes,Yes,9.7
STUDENT228,18,Female,Private,25%,No,No,Bus,10,Never,No,No,No,No,7.05
STUDENT229,19,Male,State,100%,Yes,Yes,Private,28,Always,Yes,Yes,Yes,Yes,9.85
STUDENT230,20,Female,Other,50%,Yes,No,Bus,22,Sometimes,Yes,No,Yes,Yes,8.85
STUDENT231,21,Male,Private,75%,Yes,Yes,Private,30,Always,Yes,Yes,Yes,Yes,9.75
STUDENT232,18,Female,State,50%,No,Yes,Bus,15,Always,Yes,Yes,Yes,Yes,9.4
STUDENT233,19,Male,Other,25%,No,No,Bus,12,Sometimes,No,No,No,No,7.25
STUDENT234,20,Female,Private,100%,Yes,Yes,Private,30,Always,Yes,Yes,Yes,Yes,9.8
STUDENT235,21,Male,State,50%,Yes,Yes,Bus,18,Always,Yes,Yes,Yes,Yes,8.9
STUDENT236,18,Female,Other,75%,Yes,No,Private,25,Always,Yes,Yes,Yes,Yes,9.55
STUDENT237,19,Male,Private,50%,Yes,Yes,Bus,20,Always,Yes,Yes,Yes,Yes,9.45
STUDENT238,20,Female,State,25%,No,Yes,Private,22,Sometimes,Yes,Yes,Yes,Yes,8.95
STUDENT239,21,Male,Other,100%,Yes,Yes,Private,30,Always,Yes,Yes,Yes,Yes,9.85
STUDENT240,18,Female,Private,75%,Yes,Yes,Private,30,Always,Yes,Yes,Yes,Yes,9.65
STUDENT241,19,Male,Private,100%,Yes,Yes,Private,28,Always,Yes,Yes,Yes,Yes,9.85
STUDENT242,20,Female,State,50%,No,No,Bus,15,Sometimes,No,Yes,No,Yes,7.65
STUDENT243,18,Male,Other,75%,Yes,Yes,Private,26,Always,Yes,Yes,Yes,Yes,9.55
STUDENT244,21,Female,Private,50%,Yes,Yes,Bus,20,Always,Yes,Yes,Yes,Yes,9.35
STUDENT245,19,Male,State,25%,No,No,Bus,10,Never,No,No,No,No,7.15
STUDENT246,20,Female,Other,50%,Yes,Yes,Private,30,Always,Yes,Yes,Yes,Yes,9.7
STUDENT247,18,Male,Private,75%,Yes,No,Private,25,Always,Yes,Yes,Yes,Yes,9.45
STUDENT248,21,Female,State,100%,Yes,Yes,Bus,28,Always,Yes,Yes,Yes,Yes,9.85
STUDENT249,19,Male,Other,50%,No,No,Bus,12,Sometimes,No,No,No,No,7.4
STUDENT250,20,Female,Private,100%,Yes,Yes,Private,30,Always,Yes,Yes,Yes,Yes,9.8
STUDENT251,18,Male,State,75%,Yes,Yes,Bus,22,Always,Yes,Yes,Yes,Yes,9.55
STUDENT252,21,Female,Other,50%,Yes,No,Bus,18,Sometimes,Yes,Yes,Yes,Yes,8.85
STUDENT253,19,Male,Private,25%,No,Yes,Private,20,Always,Yes,Yes,Yes,Yes,9.25
STUDENT254,20,Female,State,50%,No,No,Bus,12,Never,No,No,No,No,7.2
STUDENT255,18,Male,Other,100%,Yes,Yes,Private,30,Always,Yes,Yes,Yes,Yes,9.8
STUDENT256,21,Female,Private,75%,Yes,Yes,Bus,26,Always,Yes,Yes,Yes,Yes,9.65
STUDENT257,19,Male,State,50%,No,No,Bus,10,Sometimes,No,Yes,No,No,7.55
STUDENT258,20,Female,Other,75%,Yes,Yes,Private,28,Always,Yes,Yes,Yes,Yes,9.75
STUDENT259,18,Male,Private,50%,Yes,Yes,Bus,22,Always,Yes,Yes,Yes,Yes,9.35
STUDENT260,21,Female,State,25%,No,No,Bus,15,Sometimes,No,No,No,No,7.35
STUDENT261,20,Male,Other,50%,Yes,No,Private,18,Always,Yes,Yes,Yes,Yes,8.95
STUDENT262,19,Female,Private,100%,Yes,Yes,Private,30,Always,Yes,Yes,Yes,Yes,9.85
STUDENT263,18,Male,State,75%,Yes,Yes,Bus,28,Always,Yes,Yes,Yes,Yes,9.65
STUDENT264,21,Female,Other,50%,Yes,Yes,Bus,20,Sometimes,Yes,Yes,Yes,Yes,8.75
STUDENT265,19,Male,Private,25%,No,No,Bus,10,Never,No,No,No,No,7.15
STUDENT266,20,Female,State,75%,Yes,Yes,Private,25,Always,Yes,Yes,Yes,Yes,9.45
STUDENT267,18,Male,Other,50%,Yes,No,Bus,12,Sometimes,No,Yes,No,Yes,7.8
STUDENT268,21,Female,Private,100%,Yes,Yes,Private,30,Always,Yes,Yes,Yes,Yes,9.8
STUDENT269,19,Male,State,50%,Yes,Yes,Bus,28,Always,Yes,Yes,Yes,Yes,9.7
STUDENT270,20,Female,Other,75%,Yes,Yes,Private,30,Always,Yes,Yes,Yes,Yes,9.8
STUDENT271,19,Female,Private,50%,Yes,No,Bus,14,Sometimes,Yes,Yes,Yes,Yes,8.25
STUDENT272,18,Male,State,100%,Yes,Yes,Private,30,Always,Yes,Yes,Yes,Yes,9.85
STUDENT273,20,Female,Other,50%,No,No,Bus,12,Sometimes,No,Yes,No,No,7.45
STUDENT274,21,Male,Private,75%,Yes,Yes,Private,26,Always,Yes,Yes,Yes,Yes,9.55
STUDENT275,19,Female,State,25%,No,Yes,Bus,10,Never,No,No,No,No,7.05
STUDENT276,18,Male,Other,50%,Yes,No,Bus,15,Always,Yes,Yes,Yes,Yes,8.85
STUDENT277,21,Female,Private,100%,Yes,Yes,Private,30,Always,Yes,Yes,Yes,Yes,9.8
STUDENT278,20,Male,State,50%,Yes,Yes,Bus,22,Always,Yes,Yes,Yes,Yes,9.35
STUDENT279,19,Female,Other,75%,Yes,No,Private,24,Always,Yes,Yes,Yes,Yes,9.55
STUDENT280,18,Male,Private,25%,No,Yes,Bus,12,Sometimes,No,No,No,Yes,7.75
STUDENT281,21,Female,State,75%,Yes,Yes,Bus,28,Always,Yes,Yes,Yes,Yes,9.75
STUDENT282,20,Male,Other,50%,Yes,Yes,Private,30,Always,Yes,Yes,Yes,Yes,9.7
STUDENT283,19,Female,Private,100%,Yes,No,Bus,26,Always,Yes,Yes,Yes,Yes,9.65
STUDENT284,18,Male,State,50%,No,Yes,Bus,14,Sometimes,No,Yes,Yes,No,8.05
STUDENT285,21,Female,Other,75%,Yes,Yes,Private,30,Always,Yes,Yes,Yes,Yes,9.85
STUDENT286,20,Male,Private,50%,Yes,Yes,Bus,18,Always,Yes,Yes,Yes,Yes,9.25
STUDENT287,19,Female,State,25%,No,No,Bus,12,Never,No,No,No,No,7.15
STUDENT288,18,Male,Other,75%,Yes,Yes,Private,28,Always,Yes,Yes,Yes,Yes,9.65
STUDENT289,21,Female,Private,100%,Yes,Yes,Private,30,Always,Yes,Yes,Yes,Yes,9.85
STUDENT290,20,Male,State,50%,Yes,No,Bus,15,Sometimes,Yes,Yes,No,Yes,8.45
STUDENT291,19,Female,Other,50%,Yes,Yes,Private,20,Always,Yes,Yes,Yes,Yes,9.3
STUDENT292,18,Male,Private,75%,No,No,Bus,10,Never,No,No,No,No,7.25
STUDENT293,21,Female,State,50%,Yes,Yes,Bus,25,Always,Yes,Yes,Yes,Yes,9.55
STUDENT294,20,Male,Other,75%,Yes,Yes,Private,30,Always,Yes,Yes,Yes,Yes,9.75
STUDENT295,19,Female,Private,100%,Yes,No,Bus,28,Always,Yes,Yes,Yes,Yes,9.7
STUDENT296,18,Male,State,25%,No,Yes,Bus,14,Sometimes,No,Yes,No,Yes,7.9
STUDENT297,21,Female,Other,50%,Yes,Yes,Private,30,Always,Yes,Yes,Yes,Yes,9.85
STUDENT298,20,Male,Private,75%,Yes,Yes,Bus,26,Always,Yes,Yes,Yes,Yes,9.6
STUDENT299,19,Female,State,50%,No,Yes,Bus,20,Always,Yes,Yes,Yes,Yes,9.35
STUDENT300,18,Male,Other,100%,Yes,Yes,Private,30,Always,Yes,Yes,Yes,Yes,9.8
STUDENT301,19,Female,Private,75%,Yes,Yes,Bus,28,Always,Yes,Yes,Yes,Yes,9.65
STUDENT302,20,Male,State,25%,No,No,Bus,12,Sometimes,No,Yes,No,No,7.4
STUDENT303,18,Female,Other,100%,Yes,Yes,Private,30,Always,Yes,Yes,Yes,Yes,9.85
STUDENT304,21,Male,Private,50%,Yes,Yes,Bus,20,Always,Yes,Yes,Yes,Yes,9.3
STUDENT305,19,Female,State,75%,Yes,No,Bus,24,Always,Yes,Yes,Yes,Yes,9.45
STUDENT306,18,Male,Other,50%,Yes,Yes,Private,18,Sometimes,Yes,Yes,Yes,Yes,8.9
STUDENT307,20,Female,Private,100%,Yes,Yes,Private,30,Always,Yes,Yes,Yes,Yes,9.8
STUDENT308,21,Male,State,50%,No,Yes,Bus,14,Sometimes,No,Yes,No,No,7.85
STUDENT309,19,Female,Other,75%,Yes,Yes,Private,25,Always,Yes,Yes,Yes,Yes,9.65
STUDENT310,18,Male,Private,25%,No,No,Bus,10,Never,No,No,No,No,7.2
STUDENT311,20,Female,State,50%,Yes,Yes,Bus,20,Always,Yes,Yes,Yes,Yes,9.25
STUDENT312,21,Male,Other,75%,Yes,Yes,Private,30,Always,Yes,Yes,Yes,Yes,9.8
STUDENT313,19,Female,Private,50%,Yes,No,Bus,18,Sometimes,Yes,Yes,Yes,No,8.75
STUDENT314,18,Male,State,100%,Yes,Yes,Bus,30,Always,Yes,Yes,Yes,Yes,9.85
STUDENT315,20,Female,Other,75%,Yes,Yes,Private,28,Always,Yes,Yes,Yes,Yes,9.75
STUDENT316,21,Male,Private,50%,No,Yes,Bus,14,Sometimes,No,Yes,No,Yes,7.95
STUDENT317,19,Female,State,25%,Yes,No,Bus,15,Sometimes,No,No,No,No,7.5
STUDENT318,18,Male,Other,50%,Yes,Yes,Private,22,Always,Yes,Yes,Yes,Yes,9.2
STUDENT319,20,Female,Private,100%,Yes,Yes,Private,30,Always,Yes,Yes,Yes,Yes,9.85
STUDENT320,21,Male,State,75%,Yes,Yes,Bus,26,Always,Yes,Yes,Yes,Yes,9.65
STUDENT321,19,Female,Other,50%,Yes,Yes,Private,24,Always,Yes,Yes,Yes,Yes,9.5
STUDENT322,18,Male,Private,25%,No,No,Bus,12,Never,No,No,No,No,7.3
STUDENT323,20,Female,State,75%,Yes,Yes,Bus,28,Always,Yes,Yes,Yes,Yes,9.75
STUDENT324,21,Male,Other,50%,Yes,Yes,Private,30,Always,Yes,Yes,Yes,Yes,9.8
STUDENT325,19,Female,Private,100%,Yes,Yes,Bus,30,Always,Yes,Yes,Yes,Yes,9.85
STUDENT326,18,Male,State,50%,Yes,Yes,Bus,20,Always,Yes,Yes,Yes,Yes,9.3
STUDENT327,20,Female,Other,75%,Yes,Yes,Private,30,Always,Yes,Yes,Yes,Yes,9.85
STUDENT328,21,Male,Private,50%,No,Yes,Bus,15,Sometimes,No,Yes,No,No,7.9
STUDENT329,19,Female,State,100%,Yes,Yes,Private,28,Always,Yes,Yes,Yes,Yes,9.8
STUDENT330,18,Male,Other,75%,Yes,Yes,Bus,25,Always,Yes,Yes,Yes,Yes,9.65
STUDENT331,20,Female,Private,75%,Yes,Yes,Bus,28,Always,Yes,Yes,Yes,Yes,9.7
STUDENT332,21,Male,State,50%,No,Yes,Private,20,Sometimes,No,Yes,Yes,No,8.4
STUDENT333,18,Female,Other,100%,Yes,Yes,Bus,30,Always,Yes,Yes,Yes,Yes,9.85
STUDENT334,19,Male,Private,25%,No,No,Bus,15,Sometimes,No,No,No,Yes,7.6
STUDENT335,21,Female,State,75%,Yes,Yes,Private,25,Always,Yes,Yes,Yes,Yes,9.55
STUDENT336,20,Male,Other,50%,Yes,No,Bus,18,Always,Yes,Yes,Yes,No,8.8
STUDENT337,18,Female,Private,100%,Yes,Yes,Bus,30,Always,Yes,Yes,Yes,Yes,9.8
STUDENT338,19,Male,State,50%,Yes,Yes,Bus,12,Sometimes,No,Yes,No,No,7.75
STUDENT339,21,Female,Other,75%,Yes,Yes,Private,30,Always,Yes,Yes,Yes,Yes,9.85
STUDENT340,20,Male,Private,25%,No,No,Bus,10,Never,No,No,No,No,7.35
STUDENT341,18,Female,State,50%,Yes,Yes,Private,28,Always,Yes,Yes,Yes,Yes,9.65
STUDENT342,19,Male,Other,75%,Yes,Yes,Bus,26,Always,Yes,Yes,Yes,Yes,9.75
STUDENT343,21,Female,Private,50%,Yes,Yes,Bus,22,Always,Yes,Yes,Yes,Yes,9.45
STUDENT344,20,Male,State,25%,No,No,Bus,12,Never,No,Yes,No,No,7.3
STUDENT345,18,Female,Other,100%,Yes,Yes,Private,30,Always,Yes,Yes,Yes,Yes,9.85
STUDENT346,19,Male,Private,75%,Yes,Yes,Bus,24,Always,Yes,Yes,Yes,Yes,9.6
STUDENT347,21,Female,State,50%,Yes,No,Bus,14,Sometimes,No,No,No,Yes,7.85
STUDENT348,20,Male,Other,50%,Yes,Yes,Private,20,Always,Yes,Yes,Yes,Yes,9.35
STUDENT349,18,Female,Private,75%,Yes,Yes,Bus,28,Always,Yes,Yes,Yes,Yes,9.65
STUDENT350,19,Male,State,25%,No,No,Bus,15,Sometimes,No,Yes,No,No,7.5
STUDENT351,21,Female,Other,100%,Yes,Yes,Private,30,Always,Yes,Yes,Yes,Yes,9.85
STUDENT352,20,Male,Private,50%,Yes,Yes,Bus,26,Always,Yes,Yes,Yes,Yes,9.7
STUDENT353,18,Female,State,75%,Yes,No,Bus,14,Sometimes,No,Yes,Yes,Yes,8.1
STUDENT354,19,Male,Other,50%,Yes,Yes,Private,25,Always,Yes,Yes,Yes,Yes,9.55
STUDENT355,21,Female,Private,75%,Yes,Yes,Bus,30,Always,Yes,Yes,Yes,Yes,9.85
STUDENT356,20,Male,State,25%,No,Yes,Bus,10,Never,No,No,No,No,7.2
STUDENT357,18,Female,Other,50%,Yes,Yes,Private,22,Always,Yes,Yes,Yes,Yes,9.3
STUDENT358,19,Male,Private,100%,Yes,Yes,Bus,30,Always,Yes,Yes,Yes,Yes,9.85
STUDENT359,21,Female,State,75%,Yes,No,Bus,15,Sometimes,No,Yes,Yes,No,8
STUDENT360,20,Male,Other,50%,Yes,Yes,Private,28,Always,Yes,Yes,Yes,Yes,9.65
STUDENT361,18,Female,Private,75%,Yes,Yes,Private,26,Always,Yes,Yes,Yes,Yes,9.75
STUDENT362,19,Male,State,50%,No,No,Bus,15,Sometimes,No,No,No,No,7.5
STUDENT363,21,Female,Other,100%,Yes,Yes,Private,30,Always,Yes,Yes,Yes,Yes,9.85
STUDENT364,20,Male,Private,25%,No,Yes,Bus,12,Sometimes,No,Yes,Yes,No,7.8
STUDENT365,18,Female,State,50%,Yes,No,Bus,18,Always,Yes,Yes,Yes,Yes,9.2
STUDENT366,19,Male,Other,75%,Yes,Yes,Private,28,Always,Yes,Yes,Yes,Yes,9.75
STUDENT367,21,Female,Private,50%,Yes,Yes,Bus,24,Always,Yes,Yes,Yes,Yes,9.6
STUDENT368,20,Male,State,25%,No,No,Bus,10,Never,No,No,No,No,7.35
STUDENT369,18,Female,Other,100%,Yes,Yes,Private,30,Always,Yes,Yes,Yes,Yes,9.85
STUDENT370,19,Male,Private,50%,Yes,Yes,Bus,20,Always,Yes,Yes,Yes,Yes,9.35
STUDENT371,21,Female,State,75%,Yes,Yes,Private,30,Always,Yes,Yes,Yes,Yes,9.8
STUDENT372,20,Male,Other,50%,Yes,No,Bus,14,Sometimes,No,Yes,No,Yes,8.1
STUDENT373,18,Female,Private,100%,Yes,Yes,Bus,30,Always,Yes,Yes,Yes,Yes,9.85
STUDENT374,19,Male,State,25%,No,No,Bus,12,Sometimes,No,No,No,No,7.4
STUDENT375,21,Female,Other,50%,Yes,Yes,Private,22,Always,Yes,Yes,Yes,Yes,9.3
STUDENT376,20,Male,Private,75%,Yes,Yes,Bus,28,Always,Yes,Yes,Yes,Yes,9.7
STUDENT377,18,Female,State,50%,Yes,No,Bus,16,Always,Yes,Yes,Yes,No,8.8
STUDENT378,19,Male,Other,100%,Yes,Yes,Private,30,Always,Yes,Yes,Yes,Yes,9.85
STUDENT379,21,Female,Private,50%,Yes,Yes,Bus,20,Always,Yes,Yes,Yes,Yes,9.4
STUDENT380,20,Male,State,75%,Yes,Yes,Bus,25,Always,Yes,Yes,Yes,Yes,9.6
STUDENT381,18,Female,Other,50%,Yes,No,Private,20,Always,Yes,Yes,Yes,Yes,9.25
STUDENT382,19,Male,Private,25%,No,Yes,Bus,14,Sometimes,No,No,No,Yes,7.7
STUDENT383,21,Female,State,50%,Yes,Yes,Private,26,Always,Yes,Yes,Yes,Yes,9.5
STUDENT384,20,Male,Other,75%,Yes,Yes,Bus,30,Always,Yes,Yes,Yes,Yes,9.8
STUDENT385,18,Female,Private,100%,Yes,Yes,Private,28,Always,Yes,Yes,Yes,Yes,9.85
STUDENT386,19,Male,State,50%,No,Yes,Bus,16,Sometimes,No,Yes,No,No,8
STUDENT387,21,Female,Other,75%,Yes,Yes,Bus,30,Always,Yes,Yes,Yes,Yes,9.85
STUDENT388,20,Male,Private,25%,No,No,Bus,12,Never,No,No,No,No,7.3
STUDENT389,18,Female,State,50%,Yes,Yes,Private,24,Always,Yes,Yes,Yes,Yes,9.6
STUDENT390,19,Male,Other,100%,Yes,Yes,Private,30,Always,Yes,Yes,Yes,Yes,9.85
STUDENT391,18,Female,State,75%,Yes,Yes,Bus,28,Always,Yes,Yes,Yes,Yes,9.75
STUDENT392,20,Male,Private,50%,No,No,Bus,18,Sometimes,No,No,No,Yes,8.1
STUDENT393,21,Female,Other,100%,Yes,Yes,Private,30,Always,Yes,Yes,Yes,Yes,9.85
STUDENT394,19,Male,State,25%,Yes,Yes,Bus,14,Sometimes,No,Yes,Yes,No,7.85
STUDENT395,20,Female,Private,50%,Yes,Yes,Private,24,Always,Yes,Yes,Yes,Yes,9.6
STUDENT396,18,Male,Other,75%,Yes,Yes,Bus,20,Always,Yes,Yes,Yes,Yes,9.4
STUDENT397,21,Female,State,50%,Yes,No,Bus,12,Never,No,No,No,No,7.35
STUDENT398,19,Male,Private,100%,Yes,Yes,Private,30,Always,Yes,Yes,Yes,Yes,9.85
STUDENT399,20,Female,Other,50%,Yes,Yes,Bus,22,Always,Yes,Yes,Yes,Yes,9.5
STUDENT400,18,Male,State,75%,Yes,Yes,Private,26,Always,Yes,Yes,Yes,Yes,9.7
STUDENT401,21,Female,Private,25%,No,Yes,Bus,15,Sometimes,No,No,No,Yes,7.9
STUDENT402,20,Male,Other,50%,Yes,Yes,Private,28,Always,Yes,Yes,Yes,Yes,9.65
STUDENT403,19,Female,State,100%,Yes,Yes,Bus,30,Always,Yes,Yes,Yes,Yes,9.85
STUDENT404,18,Male,Private,50%,No,Yes,Bus,16,Always,Yes,Yes,Yes,No,8.5
STUDENT405,21,Female,Other,75%,Yes,Yes,Private,30,Always,Yes,Yes,Yes,Yes,9.85
STUDENT406,19,Male,State,25%,No,No,Bus,14,Sometimes,No,No,No,No,7.6
STUDENT407,20,Female,Private,50%,Yes,Yes,Bus,24,Always,Yes,Yes,Yes,Yes,9.6
STUDENT408,18,Male,Other,75%,Yes,No,Bus,20,Always,Yes,Yes,Yes,Yes,9.35
STUDENT409,21,Female,State,50%,Yes,Yes,Private,30,Always,Yes,Yes,Yes,Yes,9.8
STUDENT410,19,Male,Private,100%,Yes,Yes,Private,28,Always,Yes,Yes,Yes,Yes,9.85
STUDENT411,20,Female,Other,75%,Yes,Yes,Bus,26,Always,Yes,Yes,Yes,Yes,9.75
STUDENT412,18,Male,State,50%,Yes,No,Bus,12,Sometimes,No,Yes,Yes,Yes,7.9
STUDENT413,21,Female,Private,25%,No,Yes,Bus,18,Never,No,No,No,No,7.25
STUDENT414,19,Male,Other,50%,Yes,Yes,Private,22,Always,Yes,Yes,Yes,Yes,9.4
STUDENT415,20,Female,State,75%,Yes,Yes,Private,30,Always,Yes,Yes,Yes,Yes,9.85
STUDENT416,18,Male,Private,50%,Yes,Yes,Bus,28,Always,Yes,Yes,Yes,Yes,9.65
STUDENT417,21,Female,Other,100%,Yes,Yes,Bus,30,Always,Yes,Yes,Yes,Yes,9.85
STUDENT418,19,Male,State,25%,No,No,Bus,16,Sometimes,No,No,No,No,7.45
STUDENT419,20,Female,Private,50%,Yes,Yes,Private,24,Always,Yes,Yes,Yes,Yes,9.55
STUDENT420,18,Male,Other,75%,Yes,Yes,Bus,20,Always,Yes,Yes,Yes,Yes,9.6
STUDENT421,19,Female,State,75%,Yes,Yes,Bus,26,Always,Yes,Yes,Yes,Yes,9.75
STUDENT422,20,Male,Private,50%,No,Yes,Bus,16,Sometimes,No,No,Yes,Yes,8.3
STUDENT423,21,Female,Other,100%,Yes,Yes,Private,30,Always,Yes,Yes,Yes,Yes,9.85
STUDENT424,18,Male,State,25%,Yes,No,Bus,12,Sometimes,No,No,No,No,7.55
STUDENT425,19,Female,Private,50%,Yes,Yes,Private,22,Always,Yes,Yes,Yes,Yes,9.55
STUDENT426,20,Male,Other,75%,Yes,Yes,Bus,28,Always,Yes,Yes,Yes,Yes,9.7
STUDENT427,21,Female,State,50%,Yes,No,Bus,18,Always,Yes,Yes,Yes,No,8.85
STUDENT428,18,Male,Private,100%,Yes,Yes,Private,30,Always,Yes,Yes,Yes,Yes,9.85
STUDENT429,20,Female,Other,75%,Yes,Yes,Bus,26,Always,Yes,Yes,Yes,Yes,9.75
STUDENT430,19,Male,State,50%,Yes,Yes,Private,20,Always,Yes,Yes,Yes,Yes,9.4
STUDENT431,21,Female,Private,25%,No,No,Bus,15,Sometimes,No,Yes,No,No,7.7
STUDENT432,18,Male,Other,50%,Yes,Yes,Private,24,Always,Yes,Yes,Yes,Yes,9.6
STUDENT433,20,Female,State,75%,Yes,Yes,Bus,30,Always,Yes,Yes,Yes,Yes,9.85
STUDENT434,19,Male,Private,100%,Yes,Yes,Bus,28,Always,Yes,Yes,Yes,Yes,9.85
STUDENT435,18,Female,Other,50%,No,Yes,Bus,14,Sometimes,No,No,No,Yes,8
STUDENT436,20,Male,State,75%,Yes,Yes,Private,30,Always,Yes,Yes,Yes,Yes,9.85
STUDENT437,21,Female,Private,50%,Yes,Yes,Bus,28,Always,Yes,Yes,Yes,Yes,9.65
STUDENT438,19,Male,Other,25%,No,No,Bus,12,Never,No,No,No,No,7.35
STUDENT439,20,Female,State,100%,Yes,Yes,Private,30,Always,Yes,Yes,Yes,Yes,9.85
STUDENT440,18,Male,Private,50%,Yes,No,Bus,20,Always,Yes,Yes,Yes,Yes,9.45
STUDENT441,21,Female,Other,75%,Yes,Yes,Bus,30,Always,Yes,Yes,Yes,Yes,9.85
STUDENT442,19,Male,State,50%,Yes,Yes,Bus,18,Sometimes,No,Yes,Yes,Yes,8.5
STUDENT443,20,Female,Private,25%,No,Yes,Private,26,Always,Yes,Yes,Yes,No,9.1
STUDENT444,18,Male,Other,50%,Yes,Yes,Bus,22,Always,Yes,Yes,Yes,Yes,9.55
STUDENT445,21,Female,State,75%,Yes,Yes,Private,30,Always,Yes,Yes,Yes,Yes,9.85
STUDENT446,19,Male,Private,50%,Yes,Yes,Bus,28,Always,Yes,Yes,Yes,Yes,9.65
STUDENT447,20,Female,Other,100%,Yes,Yes,Private,30,Always,Yes,Yes,Yes,Yes,9.85
STUDENT448,18,Male,State,25%,No,No,Bus,14,Sometimes,No,No,No,No,7.6
STUDENT449,21,Female,Private,50%,Yes,Yes,Private,24,Always,Yes,Yes,Yes,Yes,9.6
STUDENT450,19,Male,Other,75%,Yes,Yes,Bus,30,Always,Yes,Yes,Yes,Yes,9.85
STUDENT451,19,Female,State,75%,Yes,Yes,Private,30,Always,Yes,Yes,Yes,Yes,9.85
STUDENT452,20,Male,Private,50%,No,Yes,Bus,16,Sometimes,No,Yes,Yes,Yes,8.3
STUDENT453,21,Female,Other,100%,Yes,Yes,Private,30,Always,Yes,Yes,Yes,Yes,9.85
STUDENT454,18,Male,State,25%,Yes,No,Bus,12,Sometimes,No,No,No,No,7.5
STUDENT455,20,Female,Private,50%,Yes,Yes,Bus,24,Always,Yes,Yes,Yes,Yes,9.55
STUDENT456,19,Male,Other,75%,Yes,Yes,Private,28,Always,Yes,Yes,Yes,Yes,9.7
STUDENT457,21,Female,State,50%,Yes,No,Bus,18,Always,Yes,Yes,Yes,No,8.9
STUDENT458,18,Male,Private,100%,Yes,Yes,Private,30,Always,Yes,Yes,Yes,Yes,9.85
STUDENT459,20,Female,Other,75%,Yes,Yes,Bus,26,Always,Yes,Yes,Yes,Yes,9.75
STUDENT460,19,Male,State,50%,Yes,Yes,Private,20,Always,Yes,Yes,Yes,Yes,9.45
STUDENT461,21,Female,Private,25%,No,No,Bus,15,Sometimes,No,Yes,No,No,7.7
STUDENT462,18,Male,Other,50%,Yes,Yes,Private,24,Always,Yes,Yes,Yes,Yes,9.6
STUDENT463,20,Female,State,75%,Yes,Yes,Bus,30,Always,Yes,Yes,Yes,Yes,9.85
STUDENT464,19,Male,Private,100%,Yes,Yes,Bus,28,Always,Yes,Yes,Yes,Yes,9.85
STUDENT465,18,Female,Other,50%,No,Yes,Bus,14,Sometimes,No,No,No,Yes,8.1
STUDENT466,20,Male,State,75%,Yes,Yes,Private,30,Always,Yes,Yes,Yes,Yes,9.85
STUDENT467,21,Female,Private,50%,Yes,Yes,Bus,28,Always,Yes,Yes,Yes,Yes,9.65
STUDENT468,19,Male,Other,25%,No,No,Bus,12,Never,No,No,No,No,7.3
STUDENT469,20,Female,State,100%,Yes,Yes,Private,30,Always,Yes,Yes,Yes,Yes,9.85
STUDENT470,18,Male,Private,50%,Yes,No,Bus,20,Always,Yes,Yes,Yes,Yes,9.5
STUDENT471,21,Female,Other,75%,Yes,Yes,Bus,30,Always,Yes,Yes,Yes,Yes,9.85
STUDENT472,19,Male,State,50%,Yes,Yes,Bus,18,Sometimes,No,Yes,Yes,Yes,8.55
STUDENT473,20,Female,Private,25%,No,Yes,Private,26,Always,Yes,Yes,Yes,No,9.15
STUDENT474,18,Male,Other,50%,Yes,Yes,Bus,22,Always,Yes,Yes,Yes,Yes,9.55
STUDENT475,21,Female,State,75%,Yes,Yes,Private,30,Always,Yes,Yes,Yes,Yes,9.85
STUDENT476,19,Male,Private,50%,Yes,Yes,Bus,28,Always,Yes,Yes,Yes,Yes,9.65
STUDENT477,20,Female,Other,100%,Yes,Yes,Private,30,Always,Yes,Yes,Yes,Yes,9.85
STUDENT478,18,Male,State,25%,No,No,Bus,14,Sometimes,No,No,No,No,7.55
STUDENT479,21,Female,Private,50%,Yes,Yes,Private,24,Always,Yes,Yes,Yes,Yes,9.6
STUDENT480,19,Male,Other,75%,Yes,Yes,Bus,30,Always,Yes,Yes,Yes,Yes,9.85
STUDENT481,19,Female,State,75%,Yes,Yes,Private,30,Always,Yes,Yes,Yes,Yes,9.85
STUDENT482,20,Male,Private,50%,No,Yes,Bus,16,Sometimes,No,Yes,Yes,Yes,8.4
STUDENT483,21,Female,Other,100%,Yes,Yes,Private,30,Always,Yes,Yes,Yes,Yes,9.85
STUDENT484,18,Male,State,25%,Yes,No,Bus,12,Sometimes,No,No,No,No,7.5
STUDENT485,20,Female,Private,50%,Yes,Yes,Bus,24,Always,Yes,Yes,Yes,Yes,9.55
STUDENT486,19,Male,Other,75%,Yes,Yes,Private,28,Always,Yes,Yes,Yes,Yes,9.7
STUDENT487,21,Female,State,50%,Yes,No,Bus,18,Always,Yes,Yes,Yes,No,8.9
STUDENT488,18,Male,Private,100%,Yes,Yes,Private,30,Always,Yes,Yes,Yes,Yes,9.85
STUDENT489,20,Female,Other,75%,Yes,Yes,Bus,26,Always,Yes,Yes,Yes,Yes,9.75
STUDENT490,19,Male,State,50%,Yes,Yes,Private,20,Always,Yes,Yes,Yes,Yes,9.45
STUDENT491,21,Female,Private,25%,No,No,Bus,15,Sometimes,No,Yes,No,No,7.7
STUDENT492,18,Male,Other,50%,Yes,Yes,Private,24,Always,Yes,Yes,Yes,Yes,9.6
STUDENT493,20,Female,State,75%,Yes,Yes,Bus,30,Always,Yes,Yes,Yes,Yes,9.85
STUDENT494,19,Male,Private,100%,Yes,Yes,Bus,28,Always,Yes,Yes,Yes,Yes,9.85
STUDENT495,18,Female,Other,50%,No,Yes,Bus,14,Sometimes,No,No,No,Yes,8.2
STUDENT496,20,Male,State,75%,Yes,Yes,Private,30,Always,Yes,Yes,Yes,Yes,9.85
STUDENT497,21,Female,Private,50%,Yes,Yes,Bus,28,Always,Yes,Yes,Yes,Yes,9.65
STUDENT498,19,Male,Other,25%,No,No,Bus,12,Never,No,No,No,No,7.35
STUDENT499,20,Female,State,100%,Yes,Yes,Private,30,Always,Yes,Yes,Yes,Yes,9.85
STUDENT500,18,Male,Private,50%,Yes,No,Bus,20,Always,Yes,Yes,Yes,Yes,9.5
STUDENT501,21,Female,Other,75%,Yes,Yes,Bus,30,Always,Yes,Yes,Yes,Yes,9.85
STUDENT502,19,Male,State,50%,Yes,Yes,Bus,18,Sometimes,No,Yes,Yes,Yes,8.55
STUDENT503,20,Female,Private,25%,No,Yes,Private,26,Always,Yes,Yes,Yes,No,9.15
STUDENT504,18,Male,Other,50%,Yes,Yes,Bus,22,Always,Yes,Yes,Yes,Yes,9.55
STUDENT505,21,Female,State,75%,Yes,Yes,Private,30,Always,Yes,Yes,Yes,Yes,9.85
STUDENT506,19,Male,Private,50%,Yes,Yes,Bus,28,Always,Yes,Yes,Yes,Yes,9.65
STUDENT507,20,Female,Other,100%,Yes,Yes,Private,30,Always,Yes,Yes,Yes,Yes,9.85
STUDENT508,18,Male,State,25%,No,No,Bus,14,Sometimes,No,No,No,No,7.6
STUDENT509,21,Female,Private,50%,Yes,Yes,Private,24,Always,Yes,Yes,Yes,Yes,9.6
STUDENT510,19,Male,Other,75%,Yes,Yes,Bus,30,Always,Yes,Yes,Yes,Yes,9.85
STUDENT511,19,Female,State,50%,Yes,Yes,Private,28,Always,Yes,Yes,Yes,Yes,9.75
STUDENT512,20,Male,Private,75%,No,No,Bus,20,Sometimes,Yes,No,Yes,No,8.6
STUDENT513,18,Female,Other,100%,Yes,Yes,Private,30,Always,Yes,Yes,Yes,Yes,9.85
STUDENT514,21,Male,State,25%,Yes,No,Bus,12,Never,No,No,No,No,7.45
STUDENT515,20,Female,Private,50%,Yes,Yes,Bus,26,Always,Yes,Yes,Yes,Yes,9.65
STUDENT516,19,Male,Other,75%,Yes,Yes,Private,30,Always,Yes,Yes,Yes,Yes,9.85
STUDENT517,21,Female,State,50%,Yes,No,Bus,18,Sometimes,Yes,Yes,Yes,No,8.85
STUDENT518,18,Male,Private,100%,Yes,Yes,Private,30,Always,Yes,Yes,Yes,Yes,9.85
STUDENT519,20,Female,Other,50%,No,Yes,Bus,22,Always,Yes,Yes,Yes,Yes,9.5
STUDENT520,19,Male,State,75%,Yes,Yes,Private,30,Always,Yes,Yes,Yes,Yes,9.85
STUDENT521,18,Female,Other,25%,No,No,Bus,14,Never,No,No,No,No,7.55
STUDENT522,20,Male,State,50%,Yes,Yes,Bus,24,Always,Yes,Yes,Yes,Yes,9.55
STUDENT523,21,Female,Private,100%,Yes,Yes,Private,30,Always,Yes,Yes,Yes,Yes,9.85
STUDENT524,19,Male,Other,75%,Yes,Yes,Bus,28,Always,Yes,Yes,Yes,Yes,9.75
STUDENT525,18,Female,State,50%,Yes,No,Bus,16,Sometimes,No,Yes,Yes,No,8.25
STUDENT526,20,Male,Private,25%,Yes,Yes,Private,22,Always,Yes,Yes,Yes,Yes,9.4
STUDENT527,21,Female,Other,50%,Yes,Yes,Bus,30,Always,Yes,Yes,Yes,Yes,9.85
STUDENT528,19,Male,State,75%,Yes,No,Private,26,Always,Yes,Yes,Yes,Yes,9.65
STUDENT529,18,Female,Private,100%,Yes,Yes,Bus,30,Always,Yes,Yes,Yes,Yes,9.85
STUDENT530,20,Male,Other,50%,Yes,Yes,Private,28,Always,Yes,Yes,Yes,Yes,9.7
STUDENT531,21,Female,State,75%,Yes,Yes,Bus,30,Always,Yes,Yes,Yes,Yes,9.85
STUDENT532,19,Male,Private,50%,Yes,No,Private,18,Sometimes,No,Yes,Yes,Yes,8.7
STUDENT533,18,Female,Other,25%,No,No,Bus,12,Never,No,No,No,No,7.35
STUDENT534,20,Male,State,100%,Yes,Yes,Private,30,Always,Yes,Yes,Yes,Yes,9.85
STUDENT535,21,Female,Private,75%,Yes,Yes,Bus,28,Always,Yes,Yes,Yes,Yes,9.8
STUDENT536,19,Male,Other,50%,Yes,No,Bus,22,Always,Yes,Yes,Yes,Yes,9.5
STUDENT537,18,Female,State,25%,Yes,Yes,Private,24,Always,Yes,Yes,Yes,Yes,9.6
STUDENT538,20,Male,Private,50%,Yes,Yes,Bus,26,Always,Yes,Yes,Yes,Yes,9.65
STUDENT539,21,Female,Other,100%,Yes,Yes,Private,30,Always,Yes,Yes,Yes,Yes,9.85
STUDENT540,19,Male,State,75%,Yes,Yes,Bus,30,Always,Yes,Yes,Yes,Yes,9.85
STUDENT541,18,Female,State,50%,Yes,Yes,Private,28,Always,Yes,Yes,Yes,Yes,9.75
STUDENT542,19,Male,Private,75%,No,No,Bus,20,Sometimes,Yes,No,Yes,No,8.6
STUDENT543,21,Female,Other,100%,Yes,Yes,Private,30,Always,Yes,Yes,Yes,Yes,9.85
STUDENT544,18,Male,State,25%,Yes,No,Bus,12,Never,No,No,No,No,7.45
STUDENT545,20,Female,Private,50%,Yes,Yes,Bus,26,Always,Yes,Yes,Yes,Yes,9.65
STUDENT546,19,Male,Other,75%,Yes,Yes,Private,30,Always,Yes,Yes,Yes,Yes,9.85
STUDENT547,21,Female,State,50%,Yes,No,Bus,18,Sometimes,Yes,Yes,Yes,No,8.85
STUDENT548,18,Male,Private,100%,Yes,Yes,Private,30,Always,Yes,Yes,Yes,Yes,9.85
STUDENT549,20,Female,Other,50%,No,Yes,Bus,22,Always,Yes,Yes,Yes,Yes,9.5
STUDENT550,19,Male,State,75%,Yes,Yes,Private,30,Always,Yes,Yes,Yes,Yes,9.85
STUDENT551,18,Female,Other,25%,No,No,Bus,14,Never,No,No,No,No,7.55
STUDENT552,20,Male,State,50%,Yes,Yes,Bus,24,Always,Yes,Yes,Yes,Yes,9.55
STUDENT553,21,Female,Private,100%,Yes,Yes,Private,30,Always,Yes,Yes,Yes,Yes,9.85
STUDENT554,19,Male,Other,75%,Yes,Yes,Bus,28,Always,Yes,Yes,Yes,Yes,9.75
STUDENT555,18,Female,State,50%,Yes,No,Bus,16,Sometimes,No,Yes,Yes,No,8.25
STUDENT556,20,Male,Private,25%,Yes,Yes,Private,22,Always,Yes,Yes,Yes,Yes,9.4
STUDENT557,21,Female,Other,50%,Yes,Yes,Bus,30,Always,Yes,Yes,Yes,Yes,9.85
STUDENT558,19,Male,State,75%,Yes,No,Private,26,Always,Yes,Yes,Yes,Yes,9.65
STUDENT559,18,Female,Private,100%,Yes,Yes,Bus,30,Always,Yes,Yes,Yes,Yes,9.85
STUDENT560,20,Male,Other,50%,Yes,Yes,Private,28,Always,Yes,Yes,Yes,Yes,9.7
STUDENT561,21,Female,State,75%,Yes,Yes,Bus,30,Always,Yes,Yes,Yes,Yes,9.85
STUDENT562,19,Male,Private,50%,Yes,No,Private,18,Sometimes,No,Yes,Yes,Yes,8.7
STUDENT563,18,Female,Other,25%,No,No,Bus,12,Never,No,No,No,No,7.35
STUDENT564,20,Male,State,100%,Yes,Yes,Private,30,Always,Yes,Yes,Yes,Yes,9.85
STUDENT565,21,Female,Private,75%,Yes,Yes,Bus,28,Always,Yes,Yes,Yes,Yes,9.8
STUDENT566,19,Male,Other,50%,Yes,No,Bus,22,Always,Yes,Yes,Yes,Yes,9.5
STUDENT567,18,Female,State,25%,Yes,Yes,Private,24,Always,Yes,Yes,Yes,Yes,9.6
STUDENT568,20,Male,Private,50%,Yes,Yes,Bus,26,Always,Yes,Yes,Yes,Yes,9.65
STUDENT569,21,Female,Other,100%,Yes,Yes,Private,30,Always,Yes,Yes,Yes,Yes,9.85
STUDENT570,19,Male,State,75%,Yes,Yes,Bus,30,Always,Yes,Yes,Yes,Yes,9.85
STUDENT571,18,Male,Private,50%,Yes,Yes,Bus,28,Always,Yes,Yes,Yes,Yes,9.75
STUDENT572,20,Female,State,75%,No,No,Private,20,Sometimes,Yes,No,Yes,No,8.6
STUDENT573,19,Male,Other,100%,Yes,Yes,Private,30,Always,Yes,Yes,Yes,Yes,9.85
STUDENT574,21,Female,State,25%,Yes,No,Bus,12,Never,No,No,No,No,7.45
STUDENT575,18,Male,Private,50%,Yes,Yes,Bus,26,Always,Yes,Yes,Yes,Yes,9.65
STUDENT576,20,Female,Other,75%,Yes,Yes,Private,30,Always,Yes,Yes,Yes,Yes,9.85
STUDENT577,19,Male,State,50%,Yes,No,Bus,18,Sometimes,Yes,Yes,Yes,No,8.85
STUDENT578,21,Female,Private,100%,Yes,Yes,Private,30,Always,Yes,Yes,Yes,Yes,9.85
STUDENT579,20,Male,Other,50%,No,Yes,Bus,22,Always,Yes,Yes,Yes,Yes,9.5
STUDENT580,18,Female,State,75%,Yes,Yes,Private,30,Always,Yes,Yes,Yes,Yes,9.85
STUDENT581,21,Male,Other,25%,No,No,Bus,14,Never,No,No,No,No,7.55
STUDENT582,19,Female,State,50%,Yes,Yes,Bus,24,Always,Yes,Yes,Yes,Yes,9.55
STUDENT583,18,Male,Private,100%,Yes,Yes,Private,30,Always,Yes,Yes,Yes,Yes,9.85
STUDENT584,20,Female,Other,75%,Yes,Yes,Bus,28,Always,Yes,Yes,Yes,Yes,9.75
STUDENT585,21,Male,State,50%,Yes,No,Bus,16,Sometimes,No,Yes,Yes,No,8.25
STUDENT586,18,Female,Private,25%,Yes,Yes,Private,22,Always,Yes,Yes,Yes,Yes,9.4
STUDENT587,19,Male,Other,50%,Yes,Yes,Bus,30,Always,Yes,Yes,Yes,Yes,9.85
STUDENT588,21,Female,State,75%,Yes,No,Private,26,Always,Yes,Yes,Yes,Yes,9.65
STUDENT589,18,Male,Private,100%,Yes,Yes,Bus,30,Always,Yes,Yes,Yes,Yes,9.85
STUDENT590,20,Female,Other,50%,Yes,Yes,Private,28,Always,Yes,Yes,Yes,Yes,9.7
STUDENT591,19,Male,State,75%,Yes,Yes,Bus,30,Always,Yes,Yes,Yes,Yes,9.85
STUDENT592,21,Female,Private,50%,Yes,No,Private,18,Sometimes,No,Yes,Yes,Yes,8.7
STUDENT593,18,Male,Other,25%,No,No,Bus,12,Never,No,No,No,No,7.35
STUDENT594,20,Female,State,100%,Yes,Yes,Private,30,Always,Yes,Yes,Yes,Yes,9.85
STUDENT595,21,Male,Private,75%,Yes,Yes,Bus,28,Always,Yes,Yes,Yes,Yes,9.8
STUDENT596,18,Female,Other,50%,Yes,No,Bus,22,Always,Yes,Yes,Yes,Yes,9.5
STUDENT597,19,Male,State,25%,Yes,Yes,Private,24,Always,Yes,Yes,Yes,Yes,9.6
STUDENT598,21,Female,Private,50%,Yes,Yes,Bus,26,Always,Yes,Yes,Yes,Yes,9.65
STUDENT599,18,Male,Other,100%,Yes,Yes,Private,30,Always,Yes,Yes,Yes,Yes,9.85
STUDENT600,20,Female,State,75%,Yes,Yes,Bus,30,Always,Yes,Yes,Yes,Yes,9.85
